{
  "A": [
    "阿克塞哈萨克族自治县",
    "阿克苏地区",
    "阿克苏市",
    "阿克陶县",
    "阿勒泰地区",
    "阿勒泰市",
    "阿合奇县",
    "阿图什市",
    "阿坝县",
    "阿坝藏族羌族自治州",
    "阿城区",
    "阿尔山市",
    "阿巴嘎旗",
    "阿拉善右旗",
    "阿拉善左旗",
    "阿拉善盟",
    "阿拉尔市",
    "阿拉山口市",
    "阿瓦提县",
    "阿荣旗",
    "阿里地区",
    "阿鲁科尔沁旗",
    "安丘市",
    "安义县",
    "安乡县",
    "安仁县",
    "安化县",
    "安吉县",
    "安国市",
    "安图县",
    "安塞区",
    "安多县",
    "安宁区",
    "安宁市",
    "安定区",
    "安居区",
    "安岳县",
    "安州区",
    "安平县",
    "安庆市",
    "安康市",
    "安徽省",
    "安新县",
    "安次区",
    "安泽县",
    "安源区",
    "安溪县",
    "安福县",
    "安达市",
    "安远县",
    "安阳县",
    "安阳市",
    "安陆市",
    "安顺市",
    "安龙县",
    "敖汉旗",
    "鞍山市"
  ],
  "B": [
    "保亭黎族苗族自治县",
    "保城镇",
    "保定市",
    "保山市",
    "保康县",
    "保德县",
    "保靖县",
    "兵团一三零团",
    "兵团一二九团",
    "兵团一五二团",
    "兵团一零一团",
    "兵团二二四团",
    "兵团八十九团",
    "兵团农一师沙井子水利管理处",
    "兵团红星一场",
    "兵团红星四场",
    "兵团黄田农场",
    "包头市",
    "包河区",
    "北京",
    "北仑区",
    "北关区",
    "北区",
    "北塔区",
    "北大镇",
    "北安市",
    "北屯市",
    "北屯镇",
    "北川羌族自治县",
    "北戴河区",
    "北林区",
    "北泉镇",
    "北流市",
    "北海市",
    "北海街道",
    "北湖区",
    "北碚区",
    "北票市",
    "北辰区",
    "北镇市",
    "博乐市",
    "博兴县",
    "博厚镇",
    "博古其镇",
    "博尔塔拉蒙古自治州",
    "博山区",
    "博望区",
    "博河镇",
    "博湖县",
    "博爱县",
    "博白县",
    "博罗县",
    "博野县",
    "博鳌镇",
    "宝丰县",
    "宝兴县",
    "宝坻区",
    "宝塔区",
    "宝安区",
    "宝山区",
    "宝应县",
    "宝清县",
    "宝鸡市",
    "宾县",
    "宾川县",
    "宾阳县",
    "巴东县",
    "巴中市",
    "巴南区",
    "巴塘县",
    "巴宜区",
    "巴州区",
    "巴彦县",
    "巴彦淖尔市",
    "巴林右旗",
    "巴林左旗",
    "巴楚县",
    "巴里坤哈萨克自治县",
    "巴青县",
    "巴音郭楞蒙古自治州",
    "巴马瑶族自治县",
    "布尔津县",
    "布拖县",
    "本号镇",
    "本溪市",
    "本溪满族自治县",
    "柏乡县",
    "比如县",
    "毕节市",
    "泊头市",
    "波密县",
    "波莲镇",
    "滨城区",
    "滨州市",
    "滨江区",
    "滨海县",
    "滨海新区",
    "滨湖区",
    "班戈县",
    "班玛县",
    "白云区",
    "白云鄂博矿区",
    "白城市",
    "白塔区",
    "白山市",
    "白朗县",
    "白杨市",
    "白水县",
    "白沙黎族自治县",
    "白河县",
    "白玉县",
    "白碱滩区",
    "白茅湖农场",
    "白银区",
    "白银市",
    "白马井镇",
    "白鹭湖管理区",
    "百色市"
  ],
  "C": [
    "丛台区",
    "从化区",
    "从江县",
    "呈贡区",
    "城东区",
    "城中区",
    "城关区",
    "城北区",
    "城区",
    "城厢区",
    "城口县",
    "城固县",
    "城子河区",
    "城步苗族自治县",
    "城西区",
    "城阳区",
    "崇义县",
    "崇仁县",
    "崇信县",
    "崇川区",
    "崇州市",
    "崇左市",
    "崇明区",
    "崇礼区",
    "崇阳县",
    "川汇区",
    "常宁市",
    "常山县",
    "常州市",
    "常平镇",
    "常德市",
    "常熟市",
    "慈利县",
    "慈溪市",
    "成华区",
    "成县",
    "成安县",
    "成武县",
    "成都市",
    "昌乐县",
    "昌化镇",
    "昌吉回族自治州",
    "昌吉市",
    "昌图县",
    "昌宁县",
    "昌安镇",
    "昌平区",
    "昌江区",
    "昌江黎族自治县",
    "昌洒镇",
    "昌邑区",
    "昌邑市",
    "昌都市",
    "昌黎县",
    "曹县",
    "曹妃甸区",
    "朝天区",
    "朝阳区",
    "朝阳县",
    "朝阳市",
    "池州市",
    "沧县",
    "沧州市",
    "沧源佤族自治县",
    "淳化县",
    "淳安县",
    "潮南区",
    "潮安区",
    "潮州市",
    "潮阳区",
    "磁县",
    "船山区",
    "船营区",
    "苍南县",
    "苍梧县",
    "苍溪县",
    "茶山镇",
    "茶陵县",
    "草湖镇",
    "赤坎区",
    "赤城县",
    "赤壁市",
    "赤峰市",
    "赤水市",
    "长丰县",
    "长丰镇",
    "长乐区",
    "长兴县",
    "长坡镇",
    "长垣市",
    "长埫口镇",
    "长子县",
    "长宁区",
    "长宁县",
    "长安区",
    "长安镇",
    "长寿区",
    "长岭县",
    "长征镇",
    "长春市",
    "长武县",
    "长汀县",
    "长沙县",
    "长沙市",
    "长治市",
    "长泰区",
    "长洲区",
    "长海县",
    "长清区",
    "长白朝鲜族自治县",
    "长葛市",
    "长阳土家族自治县",
    "长顺县"
  ],
  "D": [
    "丁青县",
    "东丰县",
    "东丽区",
    "东乌珠穆沁旗",
    "东乡区",
    "东乡族自治县",
    "东光县",
    "东兰县",
    "东兴区",
    "东兴市",
    "东凤镇",
    "东区",
    "东区街道",
    "东台市",
    "东坑镇",
    "东坡区",
    "东城区",
    "东城街道",
    "东宁市",
    "东安区",
    "东安县",
    "东宝区",
    "东山区",
    "东山县",
    "东川区",
    "东平县",
    "东成镇",
    "东方市",
    "东昌区",
    "东昌府区",
    "东明县",
    "东河区",
    "东河镇",
    "东洲区",
    "东海县",
    "东港区",
    "东港市",
    "东湖区",
    "东源县",
    "东澳镇",
    "东胜区",
    "东至县",
    "东英镇",
    "东莞市",
    "东营区",
    "东营市",
    "东西湖区",
    "东路镇",
    "东辽县",
    "东郊镇",
    "东阁镇",
    "东阳市",
    "东阿县",
    "东风区",
    "东风镇",
    "丹东市",
    "丹凤县",
    "丹寨县",
    "丹巴县",
    "丹徒区",
    "丹棱县",
    "丹江口市",
    "丹阳市",
    "单县",
    "叠彩区",
    "吊罗山乡",
    "堆龙德庆区",
    "多伦县",
    "多宝镇",
    "多文镇",
    "多祥镇",
    "大东区",
    "大丰区",
    "大丰镇",
    "大九湖镇",
    "大余县",
    "大关县",
    "大兴区",
    "大兴安岭地区",
    "大冶市",
    "大化瑶族自治县",
    "大厂回族自治县",
    "大同区",
    "大同市",
    "大名县",
    "大城县",
    "大埔区",
    "大埔县",
    "大堂区",
    "大姚县",
    "大宁县",
    "大安区",
    "大安市",
    "大安镇",
    "大岭山镇",
    "大峪镇",
    "大庆市",
    "大悟县",
    "大成镇",
    "大新县",
    "大方县",
    "大朗镇",
    "大武口区",
    "大洼区",
    "大涌镇",
    "大渡口区",
    "大理市",
    "大理白族自治州",
    "大田县",
    "大田镇",
    "大石桥市",
    "大祥区",
    "大竹县",
    "大箐山县",
    "大英县",
    "大茂镇",
    "大荔县",
    "大观区",
    "大足区",
    "大路镇",
    "大连市",
    "大通区",
    "大通回族土族自治县",
    "大邑县",
    "定兴县",
    "定南县",
    "定城镇",
    "定安县",
    "定州市",
    "定日县",
    "定海区",
    "定结县",
    "定襄县",
    "定西市",
    "定边县",
    "定远县",
    "定陶区",
    "当涂县",
    "当阳市",
    "当雄县",
    "得荣县",
    "德令哈市",
    "德保县",
    "德兴市",
    "德化县",
    "德城区",
    "德安县",
    "德宏傣族景颇族自治州",
    "德州市",
    "德庆县",
    "德惠市",
    "德昌县",
    "德格县",
    "德江县",
    "德清县",
    "德钦县",
    "德阳市",
    "敦化市",
    "敦煌市",
    "斗门区",
    "杜尔伯特蒙古族自治县",
    "杜湖街道",
    "杜集区",
    "洞口县",
    "洞头区",
    "滴道区",
    "灯塔市",
    "点军区",
    "独山县",
    "独山子区",
    "登封市",
    "稻城县",
    "端州区",
    "达坂城区",
    "达孜区",
    "达尔罕茂明安联合旗",
    "达川区",
    "达州市",
    "达拉特旗",
    "达日县",
    "迪庆藏族自治州",
    "迭部县",
    "道县",
    "道外区",
    "道孚县",
    "道滘镇",
    "道真仡佬族苗族自治县",
    "道里区",
    "邓州市",
    "郸城县",
    "都兰县",
    "都匀市",
    "都安瑶族自治县",
    "都拉塔口岸",
    "都昌县",
    "都江堰市",
    "鼎城区",
    "鼎湖区"
  ],
  "E": [
    "峨山彝族自治县",
    "峨眉山市",
    "峨蔓镇",
    "峨边彝族自治县",
    "鄂伦春自治旗",
    "鄂城区",
    "鄂尔多斯市",
    "鄂州市",
    "鄂托克前旗",
    "鄂托克旗",
    "鄂温克族自治旗",
    "额尔古纳市",
    "额敏县",
    "额济纳旗"
  ],
  "F": [
    "丰南区",
    "丰县",
    "丰台区",
    "丰城市",
    "丰宁满族自治县",
    "丰庆镇",
    "丰林县",
    "丰泽区",
    "丰润区",
    "丰满区",
    "丰都县",
    "丰镇市",
    "丰顺县",
    "佛冈县",
    "佛坪县",
    "佛子山镇",
    "佛山市",
    "佛罗镇",
    "冯坡镇",
    "凤冈县",
    "凤凰县",
    "凤县",
    "凤台县",
    "凤城市",
    "凤山县",
    "凤岗镇",
    "凤庆县",
    "凤泉区",
    "凤翔区",
    "凤阳县",
    "分宜县",
    "坊子区",
    "复兴区",
    "奉化区",
    "奉新县",
    "奉节县",
    "奉贤区",
    "富兴镇",
    "富县",
    "富宁县",
    "富川瑶族自治县",
    "富平县",
    "富拉尔基区",
    "富文镇",
    "富民县",
    "富源县",
    "富蕴县",
    "富裕县",
    "富锦市",
    "富阳区",
    "富顺县",
    "封丘县",
    "封开县",
    "峰峰矿区",
    "府谷县",
    "房县",
    "房山区",
    "扶余市",
    "扶沟县",
    "扶绥县",
    "扶风县",
    "抚宁区",
    "抚州市",
    "抚松县",
    "抚远市",
    "抚顺县",
    "抚顺市",
    "方城县",
    "方山县",
    "方正县",
    "枫木镇",
    "汾西县",
    "汾阳市",
    "法库县",
    "浮山县",
    "浮梁县",
    "涪城区",
    "涪陵区",
    "番禺区",
    "番阳镇",
    "福安市",
    "福山区",
    "福山镇",
    "福州市",
    "福建省",
    "福泉市",
    "福海县",
    "福清市",
    "福田区",
    "福绵区",
    "福贡县",
    "福鼎市",
    "繁峙县",
    "繁昌区",
    "肥东县",
    "肥乡区",
    "肥城市",
    "肥西县",
    "范县",
    "费县",
    "阜南县",
    "阜城县",
    "阜宁县",
    "阜平县",
    "阜康市",
    "阜新市",
    "阜新蒙古族自治县",
    "阜沙镇",
    "阜阳市",
    "阜龙乡",
    "防城区",
    "防城港市",
    "风顺堂区"
  ],
  "G": [
    "个旧市",
    "光坡镇",
    "光山县",
    "光明区",
    "光村镇",
    "光泽县",
    "公主岭市",
    "公坡镇",
    "公安县",
    "共和县",
    "共青城市",
    "关岭布依族苗族自治县",
    "冠县",
    "刚察县",
    "古丈县",
    "古交市",
    "古冶区",
    "古县",
    "古城区",
    "古塔区",
    "古浪县",
    "古田县",
    "古蔺县",
    "古镇镇",
    "固原市",
    "固始县",
    "固安县",
    "固镇县",
    "固阳县",
    "姑苏区",
    "官渡区",
    "岗巴县",
    "工农区",
    "工布江达县",
    "巩义市",
    "巩留县",
    "干河街道",
    "干驿镇",
    "广东省",
    "广丰区",
    "广信区",
    "广元市",
    "广华寺街道",
    "广南县",
    "广宁县",
    "广安区",
    "广安市",
    "广宗县",
    "广州市",
    "广平县",
    "广德市",
    "广昌县",
    "广水市",
    "广汉市",
    "广河县",
    "广灵县",
    "广西壮族自治区",
    "广阳区",
    "广陵区",
    "广饶县",
    "弓长岭区",
    "恭城瑶族自治县",
    "感城镇",
    "拱墅区",
    "改则县",
    "故城县",
    "果洛藏族自治州",
    "根河市",
    "格尔木市",
    "桂东县",
    "桂平市",
    "桂林市",
    "桂阳县",
    "沽源县",
    "港北区",
    "港南区",
    "港口区",
    "港口镇",
    "灌云县",
    "灌南县",
    "灌阳县",
    "瓜州县",
    "甘井子区",
    "甘南县",
    "甘南藏族自治州",
    "甘孜县",
    "甘孜藏族自治州",
    "甘州区",
    "甘德县",
    "甘泉县",
    "甘泉镇",
    "甘洛县",
    "甘肃省",
    "甘谷县",
    "皋兰县",
    "盖州市",
    "管城回族区",
    "耿马傣族佤族自治县",
    "谷城县",
    "贡井区",
    "贡嘎县",
    "贡山独龙族怒族自治县",
    "贡觉县",
    "贵南县",
    "贵定县",
    "贵州省",
    "贵德县",
    "贵池区",
    "贵港市",
    "贵溪市",
    "贵阳市",
    "赣县区",
    "赣州市",
    "赣榆区",
    "郭河镇",
    "钢城区",
    "钢城街道",
    "馆陶县",
    "高县",
    "高台县",
    "高唐县",
    "高场街道",
    "高坪区",
    "高埗镇",
    "高安市",
    "高密市",
    "高州市",
    "高平市",
    "高昌区",
    "高明区",
    "高桥镇",
    "高淳区",
    "高港区",
    "高石碑镇",
    "高碑店市",
    "高要区",
    "高邑县",
    "高邮市",
    "高阳县",
    "高陵区",
    "高青县"
  ],
  "H": [
    "互助土族自治县",
    "会东县",
    "会同县",
    "会宁县",
    "会山镇",
    "会文镇",
    "会昌县",
    "会泽县",
    "会理市",
    "侯口街道",
    "侯马市",
    "化州市",
    "化德县",
    "化隆回族自治县",
    "华亭市",
    "华坪县",
    "华宁县",
    "华安县",
    "华容区",
    "华容县",
    "华州区",
    "华池县",
    "华蓥市",
    "华阴市",
    "华龙区",
    "厚街镇",
    "后安镇",
    "后湖管理区",
    "含山县",
    "和乐镇",
    "和县",
    "和布克赛尔蒙古自治县",
    "和平区",
    "和平县",
    "和平镇",
    "和庆镇",
    "和政县",
    "和林格尔县",
    "和田县",
    "和田地区",
    "和田市",
    "和硕县",
    "和舍镇",
    "和静县",
    "和顺县",
    "和龙市",
    "哈密市",
    "哈尔滨市",
    "哈巴河县",
    "回民区",
    "宏伟区",
    "寒亭区",
    "徽县",
    "徽州区",
    "怀仁市",
    "怀化市",
    "怀宁县",
    "怀安县",
    "怀来县",
    "怀柔区",
    "怀远县",
    "怀集县",
    "惠东县",
    "惠农区",
    "惠城区",
    "惠安县",
    "惠山区",
    "惠州市",
    "惠来县",
    "惠民县",
    "惠水县",
    "惠济区",
    "惠阳区",
    "杭州市",
    "杭锦后旗",
    "杭锦旗",
    "桓仁满族自治县",
    "桓台县",
    "槐荫区",
    "横山区",
    "横峰县",
    "横州市",
    "横林镇",
    "横栏镇",
    "横沥镇",
    "汇川区",
    "河东区",
    "河东镇",
    "河北区",
    "河北省",
    "河南省",
    "河南蒙古族自治县",
    "河口区",
    "河口瑶族自治县",
    "河曲县",
    "河池市",
    "河津市",
    "河源市",
    "河畔镇",
    "河西区",
    "河间市",
    "洪山区",
    "洪梅镇",
    "洪江市",
    "洪泽区",
    "洪洞县",
    "洪湖市",
    "洪雅县",
    "浩口镇",
    "海东市",
    "海丰县",
    "海伦市",
    "海兴县",
    "海勃湾区",
    "海北藏族自治州",
    "海南区",
    "海南省",
    "海南藏族自治州",
    "海原县",
    "海口市",
    "海城区",
    "海城市",
    "海头镇",
    "海宁市",
    "海安市",
    "海安镇",
    "海尾镇",
    "海川镇",
    "海州区",
    "海拉尔区",
    "海晏县",
    "海曙区",
    "海林市",
    "海棠区",
    "海沧区",
    "海淀区",
    "海港区",
    "海珠区",
    "海盐县",
    "海西蒙古族藏族自治州",
    "海西蒙古族藏族自治州直辖",
    "海门区",
    "海阳市",
    "海陵区",
    "涵江区",
    "淮上区",
    "淮北市",
    "淮南市",
    "淮安区",
    "淮安市",
    "淮滨县",
    "淮阳区",
    "淮阴区",
    "湖北省",
    "湖南省",
    "湖口县",
    "湖州市",
    "湖滨区",
    "湖里区",
    "滑县",
    "环县",
    "环江毛南族自治县",
    "环翠区",
    "皇姑区",
    "皇桐镇",
    "红原县",
    "红古区",
    "红坪镇",
    "红塔区",
    "红安县",
    "红寺堡区",
    "红山区",
    "红山街道",
    "红岗区",
    "红旗区",
    "红桥区",
    "红毛镇",
    "红河县",
    "红河哈尼族彝族自治州",
    "红石榴镇",
    "红花岗区",
    "红谷滩区",
    "翰林镇",
    "胡场镇",
    "胡市镇",
    "胡杨河市",
    "花地玛堂区",
    "花垣县",
    "花山区",
    "花桥镇",
    "花溪区",
    "花王堂区",
    "花都区",
    "荷塘区",
    "获嘉县",
    "葫芦岛市",
    "虎丘区",
    "虎林市",
    "虎门镇",
    "虹口区",
    "衡东县",
    "衡南县",
    "衡山县",
    "衡水市",
    "衡阳县",
    "衡阳市",
    "贺兰县",
    "贺州市",
    "辉南县",
    "辉县市",
    "邯山区",
    "邯郸市",
    "霍城县",
    "霍尔果斯市",
    "霍山县",
    "霍州市",
    "霍林郭勒市",
    "霍邱县",
    "韩城市",
    "鹤城区",
    "鹤壁市",
    "鹤山区",
    "鹤山市",
    "鹤岗市",
    "鹤峰县",
    "鹤庆县",
    "黄冈市",
    "黄南藏族自治州",
    "黄圃镇",
    "黄埔区",
    "黄大仙区",
    "黄山区",
    "黄山市",
    "黄岛区",
    "黄岩区",
    "黄州区",
    "黄平县",
    "黄梅县",
    "黄江镇",
    "黄流镇",
    "黄浦区",
    "黄潭镇",
    "黄石市",
    "黄石港区",
    "黄竹镇",
    "黄陂区",
    "黄陵县",
    "黄骅市",
    "黄龙县",
    "黑山县",
    "黑水县",
    "黑河市",
    "黑龙江省"
  ],
  "I": [],
  "J": [
    "井冈山市",
    "井研县",
    "井陉县",
    "井陉矿区",
    "交口县",
    "交城县",
    "京口区",
    "京山市",
    "介休市",
    "佳县",
    "佳木斯市",
    "冀州区",
    "净潭乡",
    "剑川县",
    "剑河县",
    "剑阁县",
    "加乐镇",
    "加来镇",
    "加查县",
    "加格达奇区",
    "加茂镇",
    "即墨区",
    "句容市",
    "嘉兴市",
    "嘉和镇",
    "嘉善县",
    "嘉定区",
    "嘉峪关市",
    "嘉模堂区",
    "嘉祥县",
    "嘉禾县",
    "嘉积镇",
    "嘉荫县",
    "嘉陵区",
    "嘉鱼县",
    "嘉黎县",
    "夹江县",
    "尖山区",
    "尖峰镇",
    "尖扎县",
    "尖草坪区",
    "巨野县",
    "巨鹿县",
    "晋中市",
    "晋城市",
    "晋宁区",
    "晋安区",
    "晋州市",
    "晋江市",
    "晋源区",
    "景东彝族自治县",
    "景县",
    "景宁畲族自治县",
    "景德镇市",
    "景泰县",
    "景洪市",
    "景谷傣族彝族自治县",
    "椒江区",
    "江北区",
    "江华瑶族自治县",
    "江南区",
    "江口县",
    "江城区",
    "江城哈尼族彝族自治县",
    "江夏区",
    "江孜县",
    "江宁区",
    "江安县",
    "江山市",
    "江岸区",
    "江川区",
    "江州区",
    "江永县",
    "江汉区",
    "江油市",
    "江津区",
    "江海区",
    "江源区",
    "江苏省",
    "江西省",
    "江边乡",
    "江达县",
    "江都区",
    "江门市",
    "江阳区",
    "江阴市",
    "江陵县",
    "津南区",
    "津市市",
    "济南市",
    "济宁市",
    "济水街道",
    "济源市",
    "济阳区",
    "浚县",
    "焦作市",
    "界首市",
    "监利市",
    "积玉口镇",
    "积石山保安族东乡族撒拉族自治县",
    "竞秀区",
    "竟陵街道",
    "简阳市",
    "精河县",
    "绩溪县",
    "胶州市",
    "荆州区",
    "荆州市",
    "荆门市",
    "蒋场镇",
    "蒋湖农场",
    "蓟州区",
    "蕉城区",
    "蕉岭县",
    "解放区",
    "贾汪区",
    "进贤县",
    "郊区",
    "金东区",
    "金乡县",
    "金凤区",
    "金华市",
    "金口河区",
    "金台区",
    "金坛区",
    "金城江区",
    "金堂县",
    "金塔县",
    "金安区",
    "金寨县",
    "金屯镇",
    "金山区",
    "金山镇",
    "金川区",
    "金川县",
    "金州区",
    "金平区",
    "金平苗族瑶族傣族自治县",
    "金昌市",
    "金杨镇",
    "金林区",
    "金梁镇",
    "金水区",
    "金江镇",
    "金沙县",
    "金波乡",
    "金湖县",
    "金湾区",
    "金溪县",
    "金牛区",
    "金玉镇",
    "金秀瑶族自治县",
    "金胡杨镇",
    "金银川路街道",
    "金银川镇",
    "金门县",
    "金阳县",
    "锦屏县",
    "锦山镇",
    "锦州市",
    "锦江区",
    "锦绣街道",
    "锦绣镇",
    "镜湖区",
    "集宁区",
    "集安市",
    "集美区",
    "集贤县",
    "靖宇县",
    "靖安县",
    "靖州苗族侗族自治县",
    "靖江市",
    "靖西市",
    "靖边县",
    "靖远县",
    "静乐县",
    "静宁县",
    "静安区",
    "静海区",
    "鸡东县",
    "鸡冠区",
    "鸡泽县",
    "鸡西市"
  ],
  "K": [
    "克东县",
    "克井镇",
    "克什克腾旗",
    "克孜勒苏柯尔克孜自治州",
    "克山县",
    "克拉玛依区",
    "克拉玛依市",
    "凯里市",
    "可克达拉市",
    "垦利区",
    "奎屯市",
    "奎文区",
    "宽城区",
    "宽城满族自治县",
    "宽甸满族自治县",
    "库伦旗",
    "库尔勒市",
    "库车市",
    "康乐县",
    "康保县",
    "康县",
    "康定市",
    "康巴什区",
    "康平县",
    "康马县",
    "开化县",
    "开原市",
    "开封市",
    "开州区",
    "开平区",
    "开平市",
    "开来镇",
    "开江县",
    "开泽镇",
    "开福区",
    "开远市",
    "开阳县",
    "开鲁县",
    "昆山市",
    "昆明市",
    "昆泉镇",
    "昆牧镇",
    "昆玉市",
    "昆都仑区",
    "柯坪县",
    "柯城区",
    "柯桥区",
    "矿区",
    "科尔沁区",
    "科尔沁右翼中旗",
    "科尔沁右翼前旗",
    "科尔沁左翼中旗",
    "科尔沁左翼后旗",
    "葵青区"
  ],
  "L": [
    "两当县",
    "两江新区",
    "临县",
    "临城县",
    "临城镇",
    "临夏县",
    "临夏回族自治州",
    "临夏市",
    "临安区",
    "临川区",
    "临平区",
    "临朐县",
    "临桂区",
    "临武县",
    "临江市",
    "临汾市",
    "临沂市",
    "临沧市",
    "临沭县",
    "临河区",
    "临泉县",
    "临泽县",
    "临洮县",
    "临海市",
    "临淄区",
    "临清市",
    "临渭区",
    "临湘市",
    "临漳县",
    "临潭县",
    "临潼区",
    "临澧县",
    "临猗县",
    "临翔区",
    "临西县",
    "临邑县",
    "临颍县",
    "临高县",
    "丽水市",
    "丽江市",
    "乐业县",
    "乐东黎族自治县",
    "乐亭县",
    "乐安县",
    "乐山市",
    "乐平市",
    "乐昌市",
    "乐清市",
    "乐至县",
    "乐都区",
    "乐陵市",
    "六合区",
    "六安市",
    "六弓乡",
    "六枝特区",
    "六盘水市",
    "兰坪白族普米族自治县",
    "兰山区",
    "兰州市",
    "兰洋镇",
    "兰溪市",
    "兰考县",
    "兰西县",
    "兰陵县",
    "冷水江市",
    "冷水滩区",
    "凉城县",
    "凉山彝族自治州",
    "凉州区",
    "凌云县",
    "凌河区",
    "凌海市",
    "凌源市",
    "利国镇",
    "利川市",
    "利州区",
    "利津县",
    "利辛县",
    "利通区",
    "卢市镇",
    "卢氏县",
    "卢龙县",
    "历下区",
    "历城区",
    "娄底市",
    "娄星区",
    "娄烦县",
    "岭东区",
    "岭口镇",
    "崂山区",
    "庐山市",
    "庐江县",
    "庐阳区",
    "廉江市",
    "拉孜县",
    "拉萨市",
    "旅顺口区",
    "朗县",
    "李沧区",
    "来凤县",
    "来安县",
    "来宾市",
    "林口县",
    "林周县",
    "林州市",
    "林甸县",
    "林芝市",
    "林西县",
    "柳北区",
    "柳南区",
    "柳城县",
    "柳州市",
    "柳林县",
    "柳江区",
    "柳河县",
    "梁园区",
    "梁子湖区",
    "梁山县",
    "梁平区",
    "梁河县",
    "梁溪区",
    "梨林镇",
    "梨树区",
    "梨树县",
    "洛南县",
    "洛宁县",
    "洛川县",
    "洛扎县",
    "洛江区",
    "洛浦县",
    "洛阳市",
    "洛隆县",
    "洛龙区",
    "浪卡子县",
    "涟水县",
    "涟源市",
    "潞城区",
    "潞州区",
    "澜沧拉祜族自治县",
    "灵丘县",
    "灵台县",
    "灵宝市",
    "灵寿县",
    "灵山县",
    "灵川县",
    "灵武市",
    "灵璧县",
    "灵石县",
    "炉霍县",
    "烈山区",
    "理县",
    "理塘县",
    "留坝县",
    "略阳县",
    "碌曲县",
    "礼县",
    "礼泉县",
    "礼纪镇",
    "禄丰市",
    "禄劝彝族苗族自治县",
    "离岛区",
    "离石区",
    "立山区",
    "类乌齐县",
    "绿园区",
    "绿春县",
    "聊城市",
    "良庆区",
    "芦山县",
    "芦淞区",
    "芦溪县",
    "荔城区",
    "荔波县",
    "荔浦市",
    "荔湾区",
    "莱山区",
    "莱州市",
    "莱芜区",
    "莱西市",
    "莱阳市",
    "莲池区",
    "莲湖区",
    "莲花县",
    "莲都区",
    "萝北县",
    "蓝山县",
    "蓝田县",
    "路北区",
    "路南区",
    "路桥区",
    "路氹填海区",
    "轮台县",
    "辽中区",
    "辽宁省",
    "辽源市",
    "辽阳县",
    "辽阳市",
    "连云区",
    "连云港市",
    "连南瑶族自治县",
    "连城县",
    "连山区",
    "连山壮族瑶族自治县",
    "连州市",
    "连平县",
    "连江县",
    "邻水县",
    "郎溪县",
    "陇南市",
    "陇县",
    "陇川县",
    "陇西县",
    "陵城区",
    "陵川县",
    "陵水黎族自治县",
    "零陵区",
    "雷山县",
    "雷州市",
    "雷波县",
    "雷鸣镇",
    "鲁山县",
    "鲁甸县",
    "鲤城区",
    "鹿城区",
    "鹿寨县",
    "鹿泉区",
    "鹿邑县",
    "黎城县",
    "黎安镇",
    "黎川县",
    "黎平县",
    "黎母山镇",
    "龙井市",
    "龙亭区",
    "龙凤区",
    "龙华区",
    "龙华山街道",
    "龙南市",
    "龙口市",
    "龙口镇",
    "龙圩区",
    "龙城区",
    "龙子湖区",
    "龙安区",
    "龙山区",
    "龙山县",
    "龙岗区",
    "龙岩市",
    "龙川县",
    "龙州县",
    "龙文区",
    "龙楼镇",
    "龙江县",
    "龙江镇",
    "龙沙区",
    "龙河镇",
    "龙泉市",
    "龙泉驿区",
    "龙海区",
    "龙港区",
    "龙港市",
    "龙游县",
    "龙湖区",
    "龙湖镇",
    "龙湾区",
    "龙湾镇",
    "龙滚镇",
    "龙潭区",
    "龙胜各族自治县",
    "龙里县",
    "龙门县",
    "龙门镇",
    "龙陵县",
    "龙马潭区"
  ],
  "M": [
    "冕宁县",
    "勉县",
    "名山区",
    "墨江哈尼族自治县",
    "墨玉县",
    "墨竹工卡县",
    "墨脱县",
    "孟州市",
    "孟村回族自治县",
    "孟津区",
    "孟连傣族拉祜族佤族自治县",
    "密云区",
    "密山市",
    "弥勒市",
    "弥渡县",
    "明光市",
    "明山区",
    "明水县",
    "明溪县",
    "木兰县",
    "木垒哈萨克自治县",
    "木棠镇",
    "木里藏族自治县",
    "木鱼镇",
    "梅县区",
    "梅州市",
    "梅江区",
    "梅河口市",
    "梅里斯达斡尔族区",
    "毛嘴镇",
    "毛感乡",
    "毛道乡",
    "毛阳镇",
    "民丰县",
    "民乐县",
    "民众街道",
    "民勤县",
    "民和回族土族自治县",
    "民权县",
    "泌阳县",
    "满城区",
    "满洲里市",
    "漠河市",
    "牟定县",
    "牟平区",
    "牡丹区",
    "牡丹江市",
    "牧野区",
    "玛多县",
    "玛曲县",
    "玛沁县",
    "玛滩镇",
    "玛纳斯县",
    "穆棱市",
    "米东区",
    "米兰镇",
    "米易县",
    "米林市",
    "米脂县",
    "绵竹市",
    "绵阳市",
    "美兰区",
    "美姑县",
    "芒市",
    "芒康县",
    "茂南区",
    "茂县",
    "茂名市",
    "茫崖市",
    "莫力达瓦达斡尔族自治旗",
    "蒙城县",
    "蒙山县",
    "蒙自市",
    "蒙阴县",
    "门头沟区",
    "门源回族自治县",
    "闽侯县",
    "闽清县",
    "马关县",
    "马尔康市",
    "马尾区",
    "马山县",
    "马村区",
    "马湾镇",
    "马边彝族自治县",
    "马鞍山市",
    "马龙区",
    "麦盖提县",
    "麦积区",
    "麻城市",
    "麻山区",
    "麻栗坡县",
    "麻江县",
    "麻洋镇",
    "麻涌镇",
    "麻章区",
    "麻阳苗族自治县"
  ],
  "N": [
    "内丘县",
    "内乡县",
    "内江市",
    "内蒙古自治区",
    "内黄县",
    "南丰县",
    "南丰镇",
    "南丹县",
    "南乐县",
    "南京市",
    "南充市",
    "南关区",
    "南区",
    "南区街道",
    "南华县",
    "南县",
    "南口街道",
    "南召县",
    "南吕镇",
    "南和区",
    "南圣镇",
    "南坤镇",
    "南城县",
    "南城街道",
    "南头镇",
    "南宁市",
    "南安市",
    "南宝镇",
    "南宫市",
    "南屯镇",
    "南山区",
    "南岔县",
    "南岗区",
    "南岳区",
    "南岸区",
    "南川区",
    "南平市",
    "南康区",
    "南开乡",
    "南开区",
    "南昌县",
    "南昌市",
    "南明区",
    "南朗街道",
    "南木林县",
    "南林乡",
    "南桥镇",
    "南江县",
    "南沙区",
    "南浔区",
    "南海区",
    "南涧彝族自治县",
    "南湖区",
    "南溪区",
    "南漳县",
    "南澳县",
    "南皮县",
    "南票区",
    "南芬区",
    "南谯区",
    "南通市",
    "南郑区",
    "南部县",
    "南阳市",
    "南陵县",
    "南雄市",
    "南靖县",
    "囊谦县",
    "嫩江市",
    "宁乡市",
    "宁化县",
    "宁南县",
    "宁县",
    "宁国市",
    "宁城县",
    "宁夏回族自治区",
    "宁安市",
    "宁强县",
    "宁德市",
    "宁明县",
    "宁晋县",
    "宁武县",
    "宁江区",
    "宁河区",
    "宁波市",
    "宁津县",
    "宁洱哈尼族彝族自治县",
    "宁海县",
    "宁蒗彝族自治县",
    "宁远县",
    "宁都县",
    "宁阳县",
    "宁陕县",
    "宁陵县",
    "尼勒克县",
    "尼木县",
    "尼玛县",
    "怒江傈僳族自治州",
    "纳溪区",
    "纳雍县",
    "聂拉木县",
    "聂荣县",
    "那坡县",
    "那大镇",
    "那曲市"
  ],
  "O": [],
  "P": [
    "偏关县",
    "凭祥市",
    "坡头区",
    "坡头镇",
    "坡心镇",
    "坪山区",
    "平乐县",
    "平乡县",
    "平凉市",
    "平利县",
    "平南县",
    "平原县",
    "平和县",
    "平坝区",
    "平城区",
    "平塘县",
    "平安区",
    "平定县",
    "平山区",
    "平山县",
    "平川区",
    "平度市",
    "平房区",
    "平昌县",
    "平果市",
    "平桂区",
    "平桥区",
    "平武县",
    "平江县",
    "平泉市",
    "平湖市",
    "平潭县",
    "平罗县",
    "平舆县",
    "平谷区",
    "平远县",
    "平遥县",
    "平邑县",
    "平阳县",
    "平阴县",
    "平陆县",
    "平顶山市",
    "平顺县",
    "平鲁区",
    "彭场镇",
    "彭山区",
    "彭州市",
    "彭市镇",
    "彭水苗族土家族自治县",
    "彭泽县",
    "彭阳县",
    "排浦镇",
    "排湖风景区",
    "攀枝花市",
    "普兰县",
    "普兰店区",
    "普宁市",
    "普安县",
    "普定县",
    "普格县",
    "普洱市",
    "普陀区",
    "沛县",
    "浦东新区",
    "浦北县",
    "浦口区",
    "浦城县",
    "浦江县",
    "潘集区",
    "皮山县",
    "盘山县",
    "盘州市",
    "盘锦市",
    "盘龙区",
    "磐安县",
    "磐石市",
    "莆田市",
    "萍乡市",
    "蓬安县",
    "蓬江区",
    "蓬溪县",
    "蓬莱区",
    "蓬莱镇",
    "铺前镇"
  ],
  "Q": [
    "且末县",
    "丘北县",
    "全南县",
    "全州县",
    "全椒县",
    "前海街道",
    "前海镇",
    "前进区",
    "前郭尔罗斯蒙古族自治县",
    "前锋区",
    "千家镇",
    "千山区",
    "千阳县",
    "奇台县",
    "巧家县",
    "庆云县",
    "庆元县",
    "庆城县",
    "庆安县",
    "庆阳市",
    "晴隆县",
    "曲周县",
    "曲松县",
    "曲水县",
    "曲江区",
    "曲沃县",
    "曲阜市",
    "曲阳县",
    "曲靖市",
    "曲麻莱县",
    "桥东区",
    "桥头镇",
    "桥西区",
    "沁县",
    "沁园街道",
    "沁水县",
    "沁源县",
    "沁阳市",
    "泉山区",
    "泉州市",
    "泉港区",
    "清丰县",
    "清原满族自治县",
    "清城区",
    "清徐县",
    "清新区",
    "清水县",
    "清水河县",
    "清江浦区",
    "清河区",
    "清河县",
    "清河门区",
    "清流县",
    "清涧县",
    "清溪镇",
    "清苑区",
    "清远市",
    "清镇市",
    "潜山市",
    "潜江市",
    "琼中黎族苗族自治县",
    "琼山区",
    "琼海市",
    "琼结县",
    "确山县",
    "祁东县",
    "祁县",
    "祁连县",
    "祁门县",
    "祁阳市",
    "秦安县",
    "秦州区",
    "秦淮区",
    "秦皇岛市",
    "秦都区",
    "群英乡",
    "茄子河区",
    "邱县",
    "钦北区",
    "钦南区",
    "钦州市",
    "青云谱区",
    "青冈县",
    "青原区",
    "青县",
    "青山区",
    "青山湖区",
    "青岛市",
    "青川县",
    "青州市",
    "青松乡",
    "青松路街道",
    "青河县",
    "青浦区",
    "青海省",
    "青湖路街道",
    "青田县",
    "青白江区",
    "青神县",
    "青秀区",
    "青羊区",
    "青铜峡市",
    "青阳县",
    "青龙满族自治县",
    "齐河县",
    "齐齐哈尔市"
  ],
  "R": [
    "乳山市",
    "乳源瑶族自治县",
    "人民路街道",
    "仁兴镇",
    "仁化县",
    "仁和区",
    "仁寿县",
    "仁布县",
    "仁怀市",
    "任丘市",
    "任城区",
    "任泽区",
    "壤塘县",
    "如东县",
    "如皋市",
    "容县",
    "容城县",
    "日喀则市",
    "日土县",
    "日照市",
    "润州区",
    "瑞丽市",
    "瑞安市",
    "瑞昌市",
    "瑞溪镇",
    "瑞金市",
    "若尔盖县",
    "若羌县",
    "荣县",
    "荣成市",
    "荣昌区",
    "荣邦乡",
    "融安县",
    "融水苗族自治县",
    "让胡路区",
    "饶平县",
    "饶河县",
    "饶阳县"
  ],
  "S": [
    "三乡镇",
    "三亚市",
    "三伏潭镇",
    "三元区",
    "三原县",
    "三台县",
    "三家镇",
    "三才镇",
    "三明市",
    "三更罗镇",
    "三水区",
    "三江侗族自治县",
    "三沙市",
    "三河市",
    "三穗县",
    "三角镇",
    "三道镇",
    "三都水族自治县",
    "三都街道",
    "三门县",
    "三门峡市",
    "上党区",
    "上城区",
    "上安乡",
    "上思县",
    "上杭县",
    "上林县",
    "上栗县",
    "上海城区",
    "上海市",
    "上犹县",
    "上蔡县",
    "上虞区",
    "上街区",
    "上饶市",
    "上高县",
    "什玲镇",
    "什运乡",
    "什邡市",
    "十堰市",
    "十月田镇",
    "双丰镇",
    "双乐镇",
    "双台子区",
    "双城区",
    "双城镇",
    "双塔区",
    "双峰县",
    "双柏县",
    "双桥区",
    "双桥镇",
    "双江拉祜族佤族布朗族傣族自治县",
    "双河市",
    "双流区",
    "双清区",
    "双渠镇",
    "双湖县",
    "双滦区",
    "双牌县",
    "双辽市",
    "双阳区",
    "双鸭山市",
    "商丘市",
    "商南县",
    "商城县",
    "商州区",
    "商水县",
    "商河县",
    "商洛市",
    "商都县",
    "四会市",
    "四子王旗",
    "四川省",
    "四平市",
    "四方台区",
    "四更镇",
    "圣方济各堂区",
    "始兴县",
    "孙吴县",
    "宋洛乡",
    "宿城区",
    "宿州市",
    "宿松县",
    "宿豫区",
    "宿迁市",
    "寿光市",
    "寿县",
    "寿宁县",
    "寿阳县",
    "射洪市",
    "射阳县",
    "尚义县",
    "尚志市",
    "山东省",
    "山丹县",
    "山亭区",
    "山南市",
    "山城区",
    "山根镇",
    "山海关区",
    "山西省",
    "山阳区",
    "山阳县",
    "山阴县",
    "市中区",
    "市北区",
    "市南区",
    "师宗县",
    "思南县",
    "思明区",
    "思礼镇",
    "思茅区",
    "施甸县",
    "施秉县",
    "朔城区",
    "朔州市",
    "松北区",
    "松原市",
    "松山区",
    "松柏镇",
    "松桃苗族自治县",
    "松江区",
    "松溪县",
    "松滋市",
    "松潘县",
    "松阳县",
    "桑日县",
    "桑植县",
    "桑珠孜区",
    "水城区",
    "水富市",
    "水满乡",
    "水磨沟区",
    "沈丘县",
    "沈北新区",
    "沈河区",
    "沈阳市",
    "沙依巴克区",
    "沙县区",
    "沙嘴街道",
    "沙坡头区",
    "沙坪坝区",
    "沙市区",
    "沙河口区",
    "沙河市",
    "沙河镇",
    "沙洋县",
    "沙湖原种场",
    "沙湖镇",
    "沙湾区",
    "沙湾市",
    "沙溪镇",
    "沙田区",
    "沙田镇",
    "沙雅县",
    "涉县",
    "深圳市",
    "深州市",
    "深水埗区",
    "深泽县",
    "疏勒县",
    "疏附县",
    "石台县",
    "石嘴山市",
    "石城县",
    "石壁镇",
    "石家庄市",
    "石家河镇",
    "石屏县",
    "石岐街道",
    "石峪镇",
    "石峰区",
    "石拐区",
    "石排镇",
    "石景山区",
    "石林彝族自治县",
    "石柱土家族自治县",
    "石棉县",
    "石楼县",
    "石河子市",
    "石河子镇",
    "石泉县",
    "石渠县",
    "石狮市",
    "石碌镇",
    "石碣镇",
    "石门县",
    "石阡县",
    "石首市",
    "石鼓区",
    "石龙区",
    "石龙镇",
    "社旗县",
    "神农架林区",
    "神木市",
    "神池县",
    "神湾镇",
    "索县",
    "绍兴市",
    "绥中县",
    "绥化市",
    "绥宁县",
    "绥德县",
    "绥棱县",
    "绥江县",
    "绥滨县",
    "绥芬河市",
    "绥阳县",
    "肃北蒙古族自治县",
    "肃南裕固族自治县",
    "肃宁县",
    "肃州区",
    "舒兰市",
    "舒城县",
    "色尼区",
    "色达县",
    "苏仙区",
    "苏家屯区",
    "苏尼特右旗",
    "苏尼特左旗",
    "苏州市",
    "莎车县",
    "萨嘎县",
    "萨尔图区",
    "萨迦县",
    "蜀山区",
    "赛罕区",
    "遂宁市",
    "遂川县",
    "遂平县",
    "遂昌县",
    "遂溪县",
    "邵东市",
    "邵原镇",
    "邵武市",
    "邵阳县",
    "邵阳市",
    "随县",
    "随州市",
    "韶关市",
    "韶山市",
    "顺义区",
    "顺城区",
    "顺平县",
    "顺庆区",
    "顺德区",
    "顺昌县",
    "顺河回族区"
  ],
  "T": [
    "亭湖区",
    "台儿庄区",
    "台前县",
    "台安县",
    "台山市",
    "台州市",
    "台江区",
    "台江县",
    "台湾省",
    "同仁市",
    "同安区",
    "同德县",
    "同心县",
    "同江市",
    "吐鲁番市",
    "唐县",
    "唐山市",
    "唐河县",
    "唐驿镇",
    "团风县",
    "图们市",
    "图木舒克市",
    "土默特右旗",
    "土默特左旗",
    "坦洲镇",
    "头屯河区",
    "屯城镇",
    "屯昌县",
    "屯溪区",
    "屯留区",
    "屯门区",
    "托克托县",
    "托克逊县",
    "托喀依乡",
    "托里县",
    "拖市镇",
    "桃城区",
    "桃山区",
    "桃江县",
    "桃源县",
    "桐乡市",
    "桐城市",
    "桐庐县",
    "桐柏县",
    "桐梓县",
    "汤原县",
    "汤旺县",
    "汤阴县",
    "泰丰街道",
    "泰兴市",
    "泰和县",
    "泰宁县",
    "泰安市",
    "泰山区",
    "泰州市",
    "泰来县",
    "泰顺县",
    "潭牛镇",
    "潭门镇",
    "特克斯县",
    "田东县",
    "田家庵区",
    "田林县",
    "田阳区",
    "突泉县",
    "腾冲市",
    "藤县",
    "调兵山市",
    "调楼镇",
    "通什镇",
    "通化县",
    "通化市",
    "通城县",
    "通山县",
    "通川区",
    "通州区",
    "通榆县",
    "通江县",
    "通河县",
    "通海县",
    "通海口镇",
    "通渭县",
    "通许县",
    "通辽市",
    "通道侗族自治县",
    "铁东区",
    "铁力市",
    "铁山区",
    "铁山港区",
    "铁岭县",
    "铁岭市",
    "铁西区",
    "铁锋区",
    "铁门关市",
    "铜仁市",
    "铜官区",
    "铜山区",
    "铜川市",
    "铜梁区",
    "铜陵市",
    "铜鼓县"
  ],
  "U": [],
  "V": [],
  "W": [
    "万全区",
    "万冲镇",
    "万城镇",
    "万宁市",
    "万安县",
    "万山区",
    "万州区",
    "万年县",
    "万柏林区",
    "万江街道",
    "万泉镇",
    "万源市",
    "万秀区",
    "万荣县",
    "万载县",
    "乌什县",
    "乌兰县",
    "乌兰察布市",
    "乌兰浩特市",
    "乌坡镇",
    "乌审旗",
    "乌尔禾区",
    "乌当区",
    "乌恰县",
    "乌拉特中旗",
    "乌拉特前旗",
    "乌拉特后旗",
    "乌海市",
    "乌烈镇",
    "乌翠区",
    "乌苏市",
    "乌达区",
    "乌鲁木齐县",
    "乌鲁木齐市",
    "五华区",
    "五华县",
    "五原县",
    "五台县",
    "五大连池市",
    "五家渠市",
    "五寨县",
    "五峰土家族自治县",
    "五常市",
    "五指山市",
    "五桂山街道",
    "五河县",
    "五湖渔场",
    "五莲县",
    "五通桥区",
    "五龙口镇",
    "伍家岗区",
    "务川仡佬族苗族自治县",
    "卧龙区",
    "卫东区",
    "卫滨区",
    "卫辉市",
    "吴中区",
    "吴兴区",
    "吴堡县",
    "吴川市",
    "吴忠市",
    "吴桥县",
    "吴江区",
    "吴起县",
    "围场满族蒙古族自治县",
    "宛城区",
    "巫山县",
    "巫溪县",
    "文儒镇",
    "文县",
    "文圣区",
    "文城镇",
    "文安县",
    "文山壮族苗族自治州",
    "文山市",
    "文峰区",
    "文成县",
    "文教镇",
    "文昌市",
    "文殊镇",
    "文水县",
    "文登区",
    "文罗镇",
    "无为市",
    "无极县",
    "无棣县",
    "无锡市",
    "旺苍县",
    "望城区",
    "望奎县",
    "望德堂区",
    "望江县",
    "望牛墩镇",
    "望花区",
    "望谟县",
    "望都县",
    "未央区",
    "梧州市",
    "梧桐镇",
    "武义县",
    "武乡县",
    "武侯区",
    "武冈市",
    "武功县",
    "武城县",
    "武夷山市",
    "武威市",
    "武宁县",
    "武安市",
    "武定县",
    "武宣县",
    "武山县",
    "武川县",
    "武平县",
    "武强县",
    "武昌区",
    "武汉市",
    "武江区",
    "武清区",
    "武穴市",
    "武胜县",
    "武进区",
    "武邑县",
    "武都区",
    "武陟县",
    "武陵区",
    "武陵源区",
    "武隆区",
    "武鸣区",
    "汪场镇",
    "汪清县",
    "涡阳县",
    "渭南市",
    "渭城区",
    "渭源县",
    "渭滨区",
    "湾仔区",
    "湾岭镇",
    "湾沚区",
    "王下乡",
    "王五镇",
    "王场镇",
    "王屋镇",
    "王益区",
    "瓦房店市",
    "瓮安县",
    "翁源县",
    "翁牛特旗",
    "翁田镇",
    "舞钢市",
    "舞阳县",
    "芜湖市",
    "蔚县",
    "闻喜县"
  ],
  "X": [
    "习水县",
    "息县",
    "息烽县",
    "昔阳县",
    "西丰县",
    "西乌珠穆沁旗",
    "西乡县",
    "西乡塘区",
    "西充县",
    "西区",
    "西区街道",
    "西华县",
    "西双版纳傣族自治州",
    "西吉县",
    "西和县",
    "西固区",
    "西城区",
    "西塞山区",
    "西夏区",
    "西宁市",
    "西安区",
    "西安市",
    "西山区",
    "西岗区",
    "西峡县",
    "西峰区",
    "西工区",
    "西市区",
    "西平县",
    "西昌市",
    "西昌镇",
    "西林县",
    "西沙区",
    "西流河镇",
    "西海镇",
    "西湖区",
    "西畴县",
    "西盟佤族自治县",
    "西秀区",
    "西藏自治区",
    "西贡区",
    "西陵区",
    "西青区",
    "锡山区",
    "锡林浩特市",
    "锡林郭勒盟"
  ],
  "Y": [
    "义乌市",
    "义县",
    "义安区",
    "义马市",
    "于洪区",
    "于田县",
    "于都县",
    "云冈区",
    "云南省",
    "云县",
    "云和县",
    "云城区",
    "云安区",
    "云岩区",
    "云州区",
    "云梦县",
    "云浮市",
    "云溪区",
    "云阳县",
    "云霄县",
    "云龙区",
    "云龙县",
    "亚东县",
    "仪征市",
    "仪陇县",
    "伊吾县",
    "伊宁县",
    "伊宁市",
    "伊川县",
    "伊州区",
    "伊春市",
    "伊犁哈萨克自治州",
    "伊美区",
    "伊通满族自治县",
    "伊金霍洛旗",
    "余姚市",
    "余干县",
    "余庆县",
    "余杭区",
    "余江区",
    "元宝区",
    "元宝山区",
    "元朗区",
    "元氏县",
    "元江哈尼族彝族傣族自治县",
    "元谋县",
    "元门乡",
    "元阳县",
    "印台区",
    "印江土家族苗族自治县",
    "友好区",
    "友谊县",
    "右江区",
    "右玉县",
    "园林街道",
    "姚安县",
    "宜丰县",
    "宜兴市",
    "宜君县",
    "宜城市",
    "宜宾市",
    "宜川县",
    "宜州区",
    "宜昌市",
    "宜春市",
    "宜秀区",
    "宜章县",
    "宜良县",
    "宜都市",
    "宜阳县",
    "宜黄县",
    "尤溪县",
    "尧都区",
    "岳口镇",
    "岳塘区",
    "岳普湖县",
    "岳池县",
    "岳西县",
    "岳阳县",
    "岳阳市",
    "岳阳楼区",
    "岳麓区",
    "应县",
    "应城市",
    "延吉市",
    "延安市",
    "延寿县",
    "延川县",
    "延平区",
    "延庆区",
    "延津县",
    "延边朝鲜族自治州",
    "延长县",
    "扬中市",
    "扬州市",
    "易县",
    "易门县",
    "月湖区",
    "杨市街道",
    "杨林尾镇",
    "杨林街道",
    "杨浦区",
    "杨陵区",
    "椰林镇",
    "殷都区",
    "油尖旺区",
    "沿河土家族自治县",
    "沿滩区",
    "渔洋镇",
    "渔薪镇",
    "游仙区",
    "源城区",
    "源汇区",
    "漾濞彝族自治县",
    "炎陵县",
    "烟台市",
    "玉屏侗族自治县",
    "玉山县",
    "玉州区",
    "玉林市",
    "玉树市",
    "玉树藏族自治州",
    "玉泉区",
    "玉泉街道",
    "玉溪市",
    "玉环市",
    "玉田县",
    "玉门市",
    "玉龙纳西族自治县",
    "盐亭县",
    "盐城市",
    "盐山县",
    "盐池县",
    "盐津县",
    "盐湖区",
    "盐源县",
    "盐田区",
    "盐边县",
    "盐都区",
    "翼城县",
    "耀州区",
    "英吉沙县",
    "英山县",
    "英州镇",
    "英德市",
    "营口市",
    "营山县",
    "营根镇",
    "营盘镇",
    "裕华区",
    "裕安区",
    "裕民县",
    "运城市",
    "运河区",
    "运粮湖管理区",
    "远安县",
    "郁南县",
    "酉阳土家族苗族自治县",
    "银川市",
    "银州区",
    "银海区",
    "阳东区",
    "阳信县",
    "阳原县",
    "阳城县",
    "阳山县",
    "阳新县",
    "阳日镇",
    "阳明区",
    "阳春市",
    "阳曲县",
    "阳朔县",
    "阳江市",
    "阳江镇",
    "阳泉市",
    "阳西县",
    "阳谷县",
    "阳高县",
    "鱼台县",
    "鱼峰区",
    "鹰手营子矿区",
    "鹰潭市"
  ],
  "Z": [
    "中兴镇",
    "中华人民共和国",
    "中卫市",
    "中原区",
    "中原镇",
    "中和镇",
    "中堂镇",
    "中宁县",
    "中山区",
    "中山市",
    "中山港街道",
    "中平镇",
    "中方县",
    "中江县",
    "中牟县",
    "中站区",
    "中西区",
    "中阳县",
    "仲巴县",
    "准格尔旗",
    "卓尼县",
    "卓资县",
    "召陵区",
    "周口市",
    "周宁县",
    "周村区",
    "周矶管理区",
    "周矶街道",
    "周至县",
    "子洲县",
    "子长市",
    "左云县",
    "左权县",
    "左贡县",
    "庄河市",
    "庄浪县",
    "张北县",
    "张家口市",
    "张家川回族自治县",
    "张家港市",
    "张家界市",
    "张店区",
    "张掖市",
    "张沟镇",
    "张港镇",
    "张湾区",
    "张金镇",
    "彰武县",
    "志丹县",
    "志仲镇",
    "忠县",
    "总口管理区",
    "振兴区",
    "振安区",
    "政和县",
    "曾都区",
    "札达县",
    "杂多县",
    "枝江市",
    "枣庄市",
    "枣强县",
    "枣阳市",
    "株洲市",
    "樟木头镇",
    "樟树市",
    "正宁县",
    "正安县",
    "正定县",
    "正蓝旗",
    "正镶白旗",
    "正阳县",
    "治多县",
    "沾化区",
    "沾益区",
    "泽口街道",
    "泽州县",
    "泽库县",
    "泽普县",
    "浙江省",
    "淄博市",
    "淄川区",
    "湛江市",
    "湛河区",
    "珠山区",
    "珠晖区",
    "珠海市",
    "站前区",
    "章丘区",
    "章贡区",
    "竹山县",
    "竹根滩镇",
    "竹溪县",
    "紫云苗族布依族自治县",
    "紫金县",
    "紫阳县",
    "织金县",
    "自流井区",
    "自贡市",
    "舟山市",
    "舟曲县",
    "芝罘区",
    "蒸湘区",
    "诏安县",
    "诸城市",
    "诸暨市",
    "贞丰县",
    "资中县",
    "资兴市",
    "资源县",
    "资溪县",
    "资阳区",
    "资阳市",
    "赵县",
    "遵义市",
    "遵化市",
    "邹城市",
    "邹平市",
    "郑场镇",
    "郑州市",
    "重兴镇",
    "重庆城区",
    "重庆市",
    "重庆郊县",
    "钟山区",
    "钟山县",
    "钟楼区",
    "钟祥市",
    "镇原县",
    "镇坪县",
    "镇宁布依族苗族自治县",
    "镇安县",
    "镇巴县",
    "镇平县",
    "镇康县",
    "镇江市",
    "镇沅彝族哈尼族拉祜族自治县",
    "镇海区",
    "镇赉县",
    "镇远县",
    "镇雄县",
    "驻马店市"
  ]
}
